requirement_id,rank,code_file,score
uc10e1,1,editphraction,0.1840761223272496
uc10e1,2,referralbean,0.17175361503819936
uc10e1,3,healthrecordformvalidator,0.1505299573129237
uc10e1,4,updateloinclistaction,0.11702952307585095
uc10e1,5,healthrecordsbeanloader,0.10613714755608013
uc10e1,6,appttypebeanloader,0.09087152687273
uc10e1,7,visitflag,0.08893447862742186
uc10e1,8,patientbean,0.08844698336641363
uc10e1,9,appttypebean,0.08636977814680119
uc10e1,10,appttypebeanvalidator,0.08425057768158134
uc10e2,1,securityqa,0.1954440006334955
uc10e2,2,patientbean,0.1850500613706504
uc10e2,3,healthrecordsbeanloader,0.15695988295919505
uc10e2,4,chronicdiseasemediator,0.15576484103250973
uc10e2,5,healthrecordformvalidator,0.15037381918975568
uc10e2,6,healthrecordsdao,0.14845659310566867
uc10e2,7,edithealthhistoryaction,0.13615462530705838
uc10e2,8,personnelbean,0.1297869113441669
uc10e2,9,nohealthrecordsexception,0.12262998680279358
uc10e2,10,dbutil,0.11274196481563688
uc10s1,1,healthrecord,0.2514249051174559
uc10s1,2,officevisitbean,0.17509441759056882
uc10s1,3,viewpatientofficevisithistoryaction,0.1668385494886059
uc10s1,4,familyhistoryfactor,0.16258445564691618
uc10s1,5,riskdao,0.15929936600185154
uc10s1,6,patientbean,0.15266980885886156
uc10s1,7,editofficevisitform,0.14328309104895656
uc10s1,8,familydao,0.13914841356603092
uc10s1,9,dateutil,0.13617521890683476
uc10s1,10,patientdao,0.1350675537914118
uc10s2,1,weightfactor,0.2038305512075116
uc10s2,2,healthrecordform,0.12912259693707637
uc10s2,3,healthrecord,0.11790760928985568
uc10s2,4,dateutil,0.1141108446884871
uc10s2,5,transactiondao,0.10228720604637556
uc10s2,6,apptbean,0.09594750688531581
uc10s2,7,searchusersaction,0.0811590224346773
uc10s2,8,visitreminderreturnformloader,0.07886761022539003
uc10s2,9,visitreminderreturnform,0.0758584695026041
uc10s2,10,patientvisitbean,0.07359953666407455
uc11e1,1,apptbean,0.1870140613526757
uc11e1,2,referralbean,0.17657039738876365
uc11e1,3,editphraction,0.1331856674854046
uc11e1,4,updateloinclistaction,0.12031158349199614
uc11e1,5,addhcpaction,0.10847760195640788
uc11e1,6,surveysearchvalidator,0.09562839189238136
uc11e1,7,appttypebeanloader,0.09341999356271519
uc11e1,8,officevisitbean,0.09214720034042377
uc11e1,9,visitflag,0.09142862133826918
uc11e1,10,appttypebean,0.08879199454618898
uc11e2,1,securityqa,0.1753197236510866
uc11e2,2,personnelbean,0.16682222456352575
uc11e2,3,patientbean,0.16599601684350154
uc11e2,4,daofactory,0.14524746268252786
uc11e2,5,healthrecordsbeanloader,0.14079819905199417
uc11e2,6,chronicdiseasemediator,0.13972620697416713
uc11e2,7,viewmyrecordsaction,0.1395057264747908
uc11e2,8,healthrecordformvalidator,0.13489028232769512
uc11e2,9,healthrecordsdao,0.13317046720853415
uc11e2,10,addhcpaction,0.1290642208156911
uc11s1,1,officevisitbean,0.22616419701640805
uc11s1,2,blackboxtestplan,0.20702189870033622
uc11s1,3,viewpatientofficevisithistoryaction,0.18003346797457317
uc11s1,4,labproceduredao,0.17817154069492847
uc11s1,5,mydiagnosisaction,0.17433637308454944
uc11s1,6,editofficevisitaction,0.16667932989635545
uc11s1,7,labprochcpaction,0.15525245469652252
uc11s1,8,editofficevisitform,0.15189799906016765
uc11s1,9,viewreportaction,0.1506482485049251
uc11s1,10,updateloinclistaction,0.13782527623001165
uc11s2,1,officevisitbean,0.27200038710943636
uc11s2,2,prescriptionreportbean,0.22482724806979223
uc11s2,3,editofficevisitform,0.16201898103273998
uc11s2,4,daofactory,0.15219186722337252
uc11s2,5,patientdao,0.139407242664841
uc11s2,6,viewpatientofficevisithistoryaction,0.13857622227439007
uc11s2,7,viewreportaction,0.13767270471705684
uc11s2,8,personneldao,0.13690112403432286
uc11s2,9,officevisitdao,0.1346391807117358
uc11s2,10,mydiagnosisaction,0.13041598293364287
uc12,1,transactiontype,0.2837899598802487
uc12,2,operationalprofile,0.25716307158198115
uc12,3,transactiondao,0.20369982757945454
uc12,4,operationalprofileloader,0.17947532750328757
uc12,5,addofficevisitaction,0.16375154828775404
uc12,6,viewmyremotemonitoringlistaction,0.1409415020763648
uc12,7,role,0.11654973983587663
uc12,8,addhcpaction,0.1107449473125115
uc12,9,officevisitdao,0.10342379446639399
uc12,10,healthrecordsdao,0.10027983988710809
uc13,1,editpatientaction,0.22755742163304013
uc13,2,emergencyreportaction,0.2156216264594841
uc13,3,healthrecordsdao,0.20433509639512157
uc13,4,editphraction,0.20276830419182762
uc13,5,druginteractionaction,0.1717437666185217
uc13,6,editrepresentativesaction,0.16527282427019524
uc13,7,viewpatientofficevisithistoryaction,0.15728616420468464
uc13,8,addremotemonitoringdataaction,0.14679677212493294
uc13,9,druginteractiondao,0.14273745631051662
uc13,10,viewreportaction,0.1257639149894056
uc13e1,1,editphraction,0.17463886621736688
uc13e1,2,referralbean,0.16294811200814266
uc13e1,3,healthrecordformvalidator,0.1428125535485927
uc13e1,4,personnelvalidator,0.11909115924060613
uc13e1,5,addpersonnelvalidator,0.11729159162931842
uc13e1,6,daofactory,0.11234393490631978
uc13e1,7,updateloinclistaction,0.11102962712128076
uc13e1,8,addhcpaction,0.107058173143531
uc13e1,9,healthrecord,0.10156441264241248
uc13e1,10,healthrecordsbeanloader,0.1006956843635949
uc15e1,1,updatecptcodelistaction,0.15272894604785142
uc15e1,2,editphraction,0.14186477515557575
uc15e1,3,role,0.13467062220999296
uc15e1,4,viewmyreportrequestsaction,0.12944777377992284
uc15e1,5,viewadverseeventaction,0.12182329954032875
uc15e1,6,transactiontype,0.11646180545720795
uc15e1,7,surveysearchvalidator,0.11228260573889182
uc15e1,8,appttypebeanloader,0.09950775208798109
uc15e1,9,appttypebean,0.09457816730385508
uc15e1,10,appttypebeanvalidator,0.09225756280016742
uc15s1,1,updatecptcodelistaction,0.24117031699810637
uc15s1,2,cptcodesdao,0.22541913097900645
uc15s1,3,procedurebean,0.18374824528864614
uc15s1,4,updatehospitallistaction,0.1583530399572136
uc15s1,5,referralbean,0.13234621311535788
uc15s1,6,updateloinclistaction,0.1289489833174593
uc15s1,7,editofficevisitform,0.12422512780926177
uc15s1,8,officevisitbean,0.12017444140306249
uc15s1,9,loincbean,0.10434259677238344
uc15s1,10,visitreminderreturnform,0.10268773980522392
uc15s2,1,chronicdiseaseriskaction,0.20237958990042812
uc15s2,2,diagnosisbean,0.17779200243704416
uc15s2,3,chronicdiseasemediator,0.14841997750469993
uc15s2,4,icd9cmlink,0.11420202553524056
uc15s2,5,editphraction,0.10096096122118797
uc15s2,6,officevisitdao,0.098602771975077
uc15s2,7,updateicdcodelistaction,0.09709094359493513
uc15s2,8,icdcodesdao,0.0915128272858667
uc15s2,9,viewmyreportrequestsaction,0.0898774981212787
uc15s2,10,dbutil,0.08717512168463099
uc15s3,1,updateloinclistaction,0.2236616652891323
uc15s3,2,updatehospitallistaction,0.1839866767456116
uc15s3,3,updatendcodelistaction,0.14207721103847848
uc15s3,4,updatecptcodelistaction,0.13360068168684655
uc15s3,5,ndcodesdao,0.13293536382164092
uc15s3,6,druginteractionaction,0.11840809038862046
uc15s3,7,remotemonitoringdao,0.11373799623600567
uc15s3,8,referraldao,0.11181021327694123
uc15s3,9,adverseeventbean,0.11004132941153684
uc15s3,10,druginteractionbeanloader,0.1069228652315237
uc15s4,1,updateloinclistaction,0.5543811819017341
uc15s4,2,loincdao,0.19399793676538557
uc15s4,3,labprocedurebean,0.16034625143202438
uc15s4,4,updatehospitallistaction,0.12317545528636036
uc15s4,5,labproceduredao,0.11495736120706838
uc15s4,6,updatecptcodelistaction,0.10737565566158205
uc15s4,7,labprochcpaction,0.094621521149091
uc15s4,8,officevisitbean,0.08864292886062464
uc15s4,9,adverseeventdao,0.08672672184732304
uc15s4,10,viewadverseeventaction,0.07898744904280797
uc16,1,type1diabetesrisks,0.30152613711730375
uc16,2,type2diabetesrisks,0.30152613711730375
uc16,3,heartdiseaserisks,0.2934168170180177
uc16,4,editphraction,0.27467357853322405
uc16,5,chronicdiseaseriskaction,0.2600324773181569
uc16,6,chronicdiseasemediator,0.20741678887392123
uc16,7,viewmyrecordsaction,0.18422861996249776
uc16,8,healthrecordsdao,0.14394279336439664
uc16,9,genderfactor,0.1378971290321197
uc16,10,cholesterolfactor,0.1378971290321197
uc16e1,1,type2diabetesrisks,0.16807553227364186
uc16e1,2,type1diabetesrisks,0.16807553227364186
uc16e1,3,familydao,0.13666267810656865
uc16e1,4,officevisitdao,0.09874611844852905
uc16e1,5,visitremindersdao,0.08735194562027249
uc16e1,6,adverseeventsdata,0.08686643610816581
uc16e1,7,editphraction,0.07834634009507173
uc16e1,8,editofficevisitaction,0.07777278675485848
uc16e1,9,viewmyrecordsaction,0.07406256849082335
uc16e1,10,blackboxtestplan,0.07213848528836088
uc17s1,1,visitremindersdao,0.29709932921713345
uc17s1,2,type1diabetesrisks,0.24253808292288867
uc17s1,3,type2diabetesrisks,0.24253808292288867
uc17s1,4,prescriptionreportbean,0.1623545630946155
uc17s1,5,icd9cmlink,0.1554295361754038
uc17s1,6,editphraction,0.14744266887329954
uc17s1,7,viewmyrecordsaction,0.13938089192995298
uc17s1,8,chronicdiseaseriskaction,0.13868225671821344
uc17s1,9,diagnosisbean,0.1114589501629152
uc17s1,10,heartdiseaserisks,0.10857280744957504
uc17s2,1,visitremindersdao,0.23380521293052195
uc17s2,2,dateutil,0.1394731298131717
uc17s2,3,procedurebean,0.09965511975033851
uc17s2,4,labprocuapaction,0.07909639680732218
uc17s2,5,referraldao,0.07864263117835948
uc17s2,6,patientdao,0.07794619488837422
uc17s2,7,remotemonitoringdao,0.07759655631984765
uc17s2,8,labproceduredao,0.07708804581094272
uc17s2,9,surveydao,0.07667313353451219
uc17s2,10,cptcodesdao,0.07643061062262613
uc17s3,1,agefactor,0.1960758806411095
uc17s3,2,apptdao,0.1911015949314949
uc17s3,3,emergencyreportaction,0.11983898303990097
uc17s3,4,dbutil,0.10492645496487205
uc17s3,5,visitremindersdao,0.1047386368073417
uc17s3,6,getvisitremindersaction,0.09478667699612348
uc17s3,7,blackboxtestplan,0.080313506351327
uc17s3,8,formvalidationexception,0.07631401002363755
uc17s3,9,beanbuilder,0.07206901558706486
uc17s3,10,authdao,0.06416496801902781
uc18e1,1,hospitalbeanvalidator,0.15749687416736036
uc18e1,2,editphraction,0.1396987424343232
uc18e1,3,role,0.13261443191202513
uc18e1,4,viewmyreportrequestsaction,0.12747132745353124
uc18e1,5,updatecptcodelistaction,0.10623904628838501
uc18e1,6,hospitalbeanloader,0.09817969186422015
uc18e1,7,appttypebeanloader,0.09798843873620307
uc18e1,8,appttypebean,0.09313412028886078
uc18e1,9,appttypebeanvalidator,0.09084894745087423
uc18e1,10,bloodtype,0.08698527493612487
uc18e2,1,hospitalbeanvalidator,0.15749687416736036
uc18e2,2,editphraction,0.1396987424343232
uc18e2,3,role,0.13261443191202513
uc18e2,4,viewmyreportrequestsaction,0.12747132745353124
uc18e2,5,updatecptcodelistaction,0.10623904628838501
uc18e2,6,hospitalbeanloader,0.09817969186422015
uc18e2,7,appttypebeanloader,0.09798843873620307
uc18e2,8,appttypebean,0.09313412028886078
uc18e2,9,appttypebeanvalidator,0.09084894745087423
uc18e2,10,bloodtype,0.08698527493612487
uc18s1,1,hospitalbean,0.17037514346453386
uc18s1,2,officevisitbean,0.15628797721945756
uc18s1,3,transactiondao,0.14733513288117703
uc18s1,4,role,0.12406939896970472
uc18s1,5,viewmyreportrequestsaction,0.11925769130106234
uc18s1,6,personnelbean,0.11695319489407756
uc18s1,7,visitflag,0.1032052990252142
uc18s1,8,securityqa,0.10189878496098113
uc18s1,9,patientvisitbean,0.09967873535431843
uc18s1,10,updatecptcodelistaction,0.09939351569864356
uc18s2,1,officevisitbean,0.15348921892926673
uc18s2,2,druginteractionaction,0.13406035972542182
uc18s2,3,editprescriptionaction,0.1317230495960734
uc18s2,4,referralmanagementaction,0.11698537932608412
uc18s2,5,druginteractiondao,0.11141851093660525
uc18s2,6,viewmyreportrequestsaction,0.10947538536983621
uc18s2,7,editofficevisitform,0.1034240064613998
uc18s2,8,role,0.09201450793573002
uc18s2,9,updatecptcodelistaction,0.09124060105190834
uc18s2,10,hospitalbean,0.08941321403670531
uc19e1,1,referralbean,0.15611893290029127
uc19e1,2,editphraction,0.11775928803996437
uc19e1,3,updateloinclistaction,0.10637635927702806
uc19e1,4,officevisitdao,0.10301555401579615
uc19e1,5,appttypebeanloader,0.08259951793873742
uc19e1,6,visitflag,0.08083879863762328
uc19e1,7,appttypebean,0.07850756210350833
uc19e1,8,appttypebeanvalidator,0.07658127184662879
uc19e1,9,bloodtype,0.07332438265329647
uc19e1,10,apptbean,0.07040070498610052
uc19e2,1,securityqa,0.16175250438404593
uc19e2,2,officevisitdao,0.15704394966927399
uc19e2,3,personnelbean,0.10741367285843031
uc19e2,4,patientbean,0.10195839346183308
uc19e2,5,dbutil,0.09330700916373837
uc19e2,6,apptbean,0.0619790625363942
uc19e2,7,chronicdiseaseriskaction,0.05571620457411432
uc19e2,8,addpatientvalidator,0.03995708097839443
uc19e2,9,patientriskfactor,0.03916795415985467
uc19e2,10,patientloader,0.03830954668967004
uc19s1,1,viewreportaction,0.17474599709527672
uc19s1,2,editphraction,0.17261287849858192
uc19s1,3,emergencyreportaction,0.16960959966777978
uc19s1,4,healthrecordsdao,0.16657363831651364
uc19s1,5,viewmyaccesslogaction,0.16550687047688503
uc19s1,6,monitoradverseeventaction,0.1648759683645194
uc19s1,7,viewprescriptionrecordsaction,0.16342772130794775
uc19s1,8,viewpatientofficevisithistoryaction,0.16239860117960117
uc19s1,9,editpatientaction,0.16115947224437574
uc19s1,10,viewexpiredprescriptionsaction,0.16088700596599612
uc19s2,1,prescriptionreportbean,0.26112947324961483
uc19s2,2,reportrequestbean,0.24005259231148318
uc19s2,3,officevisitdao,0.226352259282695
uc19s2,4,monitoradverseeventaction,0.22497462935839946
uc19s2,5,viewreportaction,0.19898762063902933
uc19s2,6,viewmyaccesslogaction,0.14439524201986328
uc19s2,7,prescriptionreportbeanloader,0.1380604395018845
uc19s2,8,hcplinkbean,0.13544077877589877
uc19s2,9,viewprescriptionrecordsaction,0.13169222125682692
uc19s2,10,viewexpiredprescriptionsaction,0.12964487920074796
uc19s3,1,prescriptionreportbean,0.2720207498483341
uc19s3,2,monitoradverseeventaction,0.2577679453411428
uc19s3,3,prescriptionbean,0.25692969001340665
uc19s3,4,stateselect,0.19697916828342696
uc19s3,5,officevisitdao,0.19489790610490185
uc19s3,6,viewprescriptionrecordsaction,0.18554657480226563
uc19s3,7,viewexpiredprescriptionsaction,0.18266199056237167
uc19s3,8,prescriptionbeanloader,0.1784473374536518
uc19s3,9,viewmyaccesslogaction,0.17561309313443205
uc19s3,10,blackboxtestplan,0.1752874496929792
uc1e1,1,getusernameaction,0.3545264657940847
uc1e1,2,editphraction,0.12632561278522988
uc1e1,3,viewpersonnelaction,0.12147285931403255
uc1e1,4,editrepresentativesaction,0.10224199857103577
uc1e1,5,validationformat,0.09225327290639301
uc1e1,6,referralbeanloader,0.0893615556477995
uc1e1,7,htmlencoder,0.08931940046455275
uc1e1,8,viewmyrecordsaction,0.0783782852334628
uc1e1,9,viewmyremotemonitoringlistaction,0.07707753287330543
uc1e1,10,reportrequestbean,0.07494261292819465
uc1e2,1,editphraction,0.1476087274303058
uc1e2,2,blackboxtestplan,0.12024314369397904
uc1e2,3,labprocedurebean,0.1156064577370401
uc1e2,4,labproceduredao,0.11349320064866113
uc1e2,5,getusernameaction,0.1013774184634945
uc1e2,6,viewreportaction,0.08225531243098497
uc1e2,7,viewpatientofficevisithistoryaction,0.0797211655658804
uc1e2,8,viewprescriptionrecordsaction,0.07692764640977595
uc1e2,9,viewexpiredprescriptionsaction,0.07573169721652213
uc1e2,10,viewpersonnelaction,0.0753007373800189
uc1s1,1,resetpasswordaction,0.21927869915020665
uc1s1,2,authdao,0.1784853726763149
uc1s1,3,edithealthhistoryaction,0.16682198768131337
uc1s1,4,viewprescriptionrecordsaction,0.1625726411827968
uc1s1,5,editpersonnelaction,0.16036757362276033
uc1s1,6,viewexpiredprescriptionsaction,0.1502266243895962
uc1s1,7,personnelbean,0.13617198658772878
uc1s1,8,patientbean,0.13224487564309667
uc1s1,9,productionconnectiondriver,0.12406845860599772
uc1s1,10,managehospitalassignmentsaction,0.11717948818721909
uc1s2,1,surveysearchvalidator,0.19362660761410969
uc1s2,2,editofficevisitform,0.17805565601190798
uc1s2,3,diagnosisbean,0.17188753529312484
uc1s2,4,patientbean,0.15322556439365004
uc1s2,5,officevisitbean,0.1467414474131663
uc1s2,6,apptbean,0.14323753963402772
uc1s2,7,parameterutil,0.122689081883375
uc1s2,8,viewmyremotemonitoringlistaction,0.11255508837356241
uc1s2,9,priordiagnosisfactor,0.10194874223732373
uc1s2,10,adverseeventdao,0.09926229908941998
uc21e1,1,referralbean,0.15611893290029127
uc21e1,2,editphraction,0.11775928803996437
uc21e1,3,updateloinclistaction,0.10637635927702806
uc21e1,4,officevisitdao,0.10301555401579615
uc21e1,5,appttypebeanloader,0.08259951793873742
uc21e1,6,visitflag,0.08083879863762328
uc21e1,7,appttypebean,0.07850756210350833
uc21e1,8,appttypebeanvalidator,0.07658127184662879
uc21e1,9,bloodtype,0.07332438265329647
uc21e1,10,apptbean,0.07040070498610052
uc21e2,1,securityqa,0.16175250438404593
uc21e2,2,officevisitdao,0.15704394966927399
uc21e2,3,personnelbean,0.10741367285843031
uc21e2,4,patientbean,0.10195839346183308
uc21e2,5,dbutil,0.09330700916373837
uc21e2,6,apptbean,0.0619790625363942
uc21e2,7,chronicdiseaseriskaction,0.05571620457411432
uc21e2,8,addpatientvalidator,0.03995708097839443
uc21e2,9,patientriskfactor,0.03916795415985467
uc21e2,10,patientloader,0.03830954668967004
uc21s1,1,getusernameaction,0.24375701918357295
uc21s1,2,viewpersonnelaction,0.18105692139604074
uc21s1,3,editrepresentativesaction,0.1523930662634173
uc21s1,4,officevisitdao,0.14162264743962633
uc21s1,5,htmlencoder,0.12959780119500405
uc21s1,6,viewmyrecordsaction,0.11682388237840874
uc21s1,7,druginteractiondao,0.10853875213891201
uc21s1,8,addapptaction,0.06514601226551128
uc21s1,9,adduapaction,0.055198742505657476
uc21s1,10,adderespaction,0.053804600225828676
uc22e1,1,getusernameaction,0.20409815282277288
uc22e1,2,editphraction,0.16937917359707771
uc22e1,3,viewpersonnelaction,0.15159925788590473
uc22e1,4,htmlencoder,0.13559153126378756
uc22e1,5,editrepresentativesaction,0.12759896486893854
uc22e1,6,druginteractiondao,0.11355852852650952
uc22e1,7,viewmyrecordsaction,0.09781682873739765
uc22e1,8,allergybean,0.0
uc22e1,9,hcplinkbean,0.0
uc22e1,10,hcpdiagnosisbean,0.0
uc22e2,1,apptbean,0.28240997128673323
uc22e2,2,viewmyremotemonitoringlistaction,0.1557453602308129
uc22e2,3,messagedao,0.1361294300067143
uc22e2,4,reportrequestbean,0.13078011794690422
uc22e2,5,itrustexception,0.1213914119427976
uc22e2,6,viewmymessagesaction,0.1032189458439424
uc22e2,7,messagebean,0.10042105237483048
uc22e2,8,messagebeanloader,0.03217218273586741
uc22e2,9,procedurebeanloader,0.03204749392832402
uc22e2,10,healthrecordsbeanloader,0.03071221329664659
uc22s1,1,editappttypeaction,0.2804087683269943
uc22s1,2,appttypebean,0.27163258368113397
uc22s1,3,addapptaction,0.18152921867670735
uc22s1,4,apptdao,0.1256812019843852
uc22s1,5,druginteractionaction,0.10689420111039095
uc22s1,6,editprescriptionaction,0.10503052642284237
uc22s1,7,viewmyapptsaction,0.09468755289126402
uc22s1,8,referralmanagementaction,0.09327931605039902
uc22s1,9,druginteractiondao,0.08884052481935334
uc22s1,10,viewmyreportrequestsaction,0.08729115664264268
uc22s2,1,apptbean,0.22956318467237166
uc22s2,2,apptdao,0.20657514518158654
uc22s2,3,dateutil,0.14012577657317665
uc22s2,4,reportrequestbean,0.1285230036447493
uc22s2,5,editmonitoringlistaction,0.12265872968787885
uc22s2,6,addapptaction,0.11913231593626598
uc22s2,7,referralmanagementaction,0.10656809693365281
uc22s2,8,viewmyaccesslogaction,0.1039179431489507
uc22s2,9,generatecalendaraction,0.10282355413608697
uc22s2,10,blackboxtestplan,0.09506415294932731
uc22s3,1,apptbean,0.2092667423633676
uc22s3,2,generatecalendaraction,0.1785447914284446
uc22s3,3,appttypebean,0.16843314609452195
uc22s3,4,messagebean,0.15206383290085249
uc22s3,5,familydao,0.14897898063678033
uc22s3,6,editappttypeaction,0.14830314264104852
uc22s3,7,viewmymessagesaction,0.13671702560330046
uc22s3,8,druginteractionbean,0.1284298636443293
uc22s3,9,emergencyreportaction,0.11036915569133339
uc22s3,10,dateutil,0.10193073191309757
uc23e1,1,editphraction,0.14009877233583592
uc23e1,2,officevisitdao,0.1225580834372154
uc23e1,3,appttypebeanloader,0.09826903042095253
uc23e1,4,appttypebean,0.09340081154403898
uc23e1,5,appttypebeanvalidator,0.09110909507187655
uc23e1,6,bloodtype,0.08723435886028484
uc23e1,7,addhcpaction,0.08521711094005129
uc23e1,8,apptbean,0.08375604595013167
uc23e1,9,editappttypeaction,0.08223817103927983
uc23e1,10,appttypedao,0.07563931215092834
uc23e2,1,securityqa,0.16175250438404593
uc23e2,2,officevisitdao,0.15704394966927399
uc23e2,3,personnelbean,0.10741367285843031
uc23e2,4,patientbean,0.10195839346183308
uc23e2,5,dbutil,0.09330700916373837
uc23e2,6,apptbean,0.0619790625363942
uc23e2,7,chronicdiseaseriskaction,0.05571620457411432
uc23e2,8,addpatientvalidator,0.03995708097839443
uc23e2,9,patientriskfactor,0.03916795415985467
uc23e2,10,patientloader,0.03830954668967004
uc23s1,1,getusernameaction,0.18607399771271488
uc23s1,2,referralbean,0.18299407815097557
uc23s1,3,viewpersonnelaction,0.16214483125526993
uc23s1,4,editrepresentativesaction,0.13647502577217308
uc23s1,5,updateloinclistaction,0.1313421589484698
uc23s1,6,officevisitdao,0.12239944162963157
uc23s1,7,viewmyrecordsaction,0.10462117962007285
uc23s1,8,htmlencoder,0.09892958587982759
uc23s1,9,adverseeventbean,0.08834647633867627
uc23s1,10,druginteractiondao,0.08285398133305483
uc23s3,1,viewmyrecordsaction,0.27073827384552335
uc23s3,2,prescriptionreportbean,0.20676829700207244
uc23s3,3,viewpatientofficevisithistoryaction,0.20458641687198978
uc23s3,4,viewofficevisitaction,0.1937012977690128
uc23s3,5,officevisitdao,0.19045077932004578
uc23s3,6,viewreportaction,0.18317108213915992
uc23s3,7,healthrecordsdao,0.16815204712244822
uc23s3,8,fakeemaildao,0.163623986195111
uc23s3,9,editphraction,0.1611825621089932
uc23s3,10,daofactory,0.15723144830253222
uc23s4,1,viewmyreportrequestsaction,0.23422157713031347
uc23s4,2,reportrequestbean,0.20651658231403175
uc23s4,3,reportrequestbeanloader,0.20123706984805684
uc23s4,4,prescriptionreportbean,0.15446271218099156
uc23s4,5,viewreportaction,0.14131774996590538
uc23s4,6,officevisitdao,0.1321036120391367
uc23s4,7,viewmyrecordsaction,0.1305570380484051
uc23s4,8,reportrequestdao,0.12960121038380015
uc23s4,9,referralmanagementaction,0.12709693574762185
uc23s4,10,prescriptionreportaction,0.11755355304571385
uc24,1,surveybean,0.32191578616599126
uc24,2,surveyresultbean,0.2198627341011186
uc24,3,editphraction,0.14247065148806137
uc24,4,patientbean,0.1261377489867274
uc24,5,prescriptionreportbean,0.11988822655099042
uc24,6,editofficevisitvalidator,0.11452222247551842
uc24,7,editpatientaction,0.10865160491386731
uc24,8,patientloader,0.1077322823482447
uc24,9,healthrecordsdao,0.10459456234668571
uc24,10,surveyaction,0.09726009675093004
uc25,1,surveyresultbean,0.31247363046508675
uc25,2,surveybean,0.2894634110985754
uc25,3,mydiagnosisaction,0.14697544605027343
uc25,4,surveysearchvalidator,0.1267798743220322
uc25,5,viewsurveyresultaction,0.1228390200587913
uc25,6,hcpdiagnosisbean,0.11198977015794677
uc25,7,priordiagnosisfactor,0.11066012460866734
uc25,8,officevisitbean,0.0936703444927541
uc25,9,personnelbean,0.0932283149629442
uc25,10,cptcodesdao,0.09273291725193954
uc25e1,1,loginfailureaction,0.1802149211885237
uc25e1,2,surveysearchvalidator,0.1705264453227559
uc25e1,3,getusernameaction,0.14578147930150118
uc25e1,4,druginteractiondao,0.12376692058987883
uc25e1,5,mydiagnosisaction,0.11274384219194947
uc25e1,6,viewpersonnelaction,0.10828301858668778
uc25e1,7,viewadverseeventaction,0.10389127406817576
uc25e1,8,validationformat,0.1000303590031017
uc25e1,9,viewsurveyresultaction,0.09774455304843095
uc25e1,10,adverseeventdao,0.09693943557303958
uc26e1,1,labprochcpaction,0.16495049134850115
uc26e1,2,labprocedurebeanloader,0.1638588150441729
uc26e1,3,labprocedurevalidator,0.1587539043475709
uc26e1,4,medicationbean,0.15638180371232782
uc26e1,5,loincbean,0.15274709753335086
uc26e1,6,nohealthrecordsexception,0.14318081277168862
uc26e1,7,mydiagnosisaction,0.13194947315898914
uc26e1,8,labproceduredao,0.12809992112403049
uc26e1,9,remotemonitoringdao,0.11258452987019611
uc26e1,10,surveysearchvalidator,0.11110575189257159
uc26e2,1,nohealthrecordsexception,0.16110427108822686
uc26e2,2,labprochcpaction,0.1270103162287534
uc26e2,3,remotemonitoringdao,0.1266779275060456
uc26e2,4,apptbean,0.1122408585970363
uc26e2,5,hcpdiagnosisbean,0.10702570283270513
uc26e2,6,referraldao,0.10416594899211488
uc26e2,7,labprocedurebeanloader,0.10411686776307028
uc26e2,8,mydiagnosisaction,0.10159984474816117
uc26e2,9,surveydao,0.10155725459780089
uc26e2,10,labprocedurevalidator,0.10087317707851899
uc26s1,1,labprocedurebean,0.2561611320793302
uc26s1,2,prescriptionreportbean,0.19682840521413558
uc26s1,3,officevisitbean,0.19251194034582322
uc26s1,4,hcpdiagnosisbean,0.190083962291243
uc26s1,5,loincbean,0.16909386866568296
uc26s1,6,adverseeventbean,0.15123399385892797
uc26s1,7,labprochcpaction,0.15027746953010757
uc26s1,8,labprocuapaction,0.146923822305285
uc26s1,9,generatecalendaraction,0.14632317186018712
uc26s1,10,mydiagnosisaction,0.14547003865614455
uc26s2,1,generatecalendaraction,0.21784181513367534
uc26s2,2,prescriptionreportbean,0.1875215816608108
uc26s2,3,viewpatientofficevisithistoryaction,0.18361804133584092
uc26s2,4,labprocuapaction,0.173041900335398
uc26s2,5,viewreportaction,0.17287127627346946
uc26s2,6,labprocedurebean,0.16768009684032467
uc26s2,7,viewadverseeventaction,0.16359330674446135
uc26s2,8,viewprescriptionrecordsaction,0.156042978264966
uc26s2,9,viewexpiredprescriptionsaction,0.15361706921043924
uc26s2,10,hcpdiagnosisbean,0.15049792038752896
uc26s3,1,labprocedurebeanloader,0.1566881553123801
uc26s3,2,labprocedurebean,0.15004182010082548
uc26s3,3,surveyresultbean,0.13197305067995702
uc26s3,4,personnelloader,0.12185748390754005
uc26s3,5,labprochcpaction,0.10867500961363608
uc26s3,6,managehospitalassignmentsaction,0.10813859394456393
uc26s3,7,labprocedurevalidator,0.10798101792729989
uc26s3,8,reportadverseeventaction,0.09930537793134232
uc26s3,9,personnelbean,0.09794938644409829
uc26s3,10,hcpdiagnosisbean,0.08766620745768666
uc26s4,1,labprocedurebean,0.16680898787042248
uc26s4,2,prescriptionreportbean,0.15315196256143032
uc26s4,3,officevisitdao,0.14861627713463027
uc26s4,4,editofficevisitform,0.11821052958198083
uc26s4,5,editofficevisitaction,0.11804136922086246
uc26s4,6,hcpdiagnosisbean,0.1115783249798225
uc26s4,7,officevisitbean,0.10865658276691903
uc26s4,8,personneldao,0.10611154923288325
uc26s4,9,viewmyrecordsaction,0.10431337235937242
uc26s4,10,generatecalendaraction,0.10119658995645361
uc27s1,1,labprocuapaction,0.232159888952614
uc27s1,2,editmonitoringlistaction,0.22028328008725498
uc27s1,3,randompassword,0.15139092875520507
uc27s1,4,sendmessageaction,0.13786742530944052
uc27s1,5,changesessiontimeoutaction,0.13710581121929838
uc27s1,6,editprescriptionaction,0.11895303149823472
uc27s1,7,addpatientaction,0.11466768820337134
uc27s1,8,viewmyapptsaction,0.11049970519916531
uc27s1,9,reportadverseeventaction,0.10864386524582872
uc27s1,10,fakeemaildao,0.09568524735362358
uc27s2,1,labprocedurebean,0.25010842021269614
uc27s2,2,loincdao,0.21230822577470576
uc27s2,3,updateloinclistaction,0.19730374198437267
uc27s2,4,editpatientaction,0.14362166941444854
uc27s2,5,labprochcpaction,0.1303215333411677
uc27s2,6,adverseeventbean,0.1108992658304714
uc27s2,7,patientriskfactor,0.1098578182740705
uc27s2,8,labproceduredao,0.10967365001681083
uc27s2,9,labprocuapaction,0.10236451469268312
uc27s2,10,referralbean,0.10033650661377881
uc28,1,viewpatientofficevisithistoryaction,0.21458940885582867
uc28,2,visitreminderreturnformloader,0.20979342648652707
uc28,3,patientvisitbean,0.20846987232198153
uc28,4,prescriptionreportbean,0.20341061626033535
uc28,5,searchusersaction,0.1780385571322884
uc28,6,officevisitdao,0.17105724094537234
uc28,7,visitreminderreturnform,0.1626544706681338
uc28,8,editofficevisitvalidator,0.1538421702211887
uc28,9,patientbean,0.14635415954602815
uc28,10,personnelbean,0.1433950496416573
uc29,1,hcpdiagnosisbean,0.15070472240602034
uc29,2,mydiagnosisaction,0.14373718958029477
uc29,3,prescriptionreportbean,0.1427090188192444
uc29,4,officevisitdao,0.1405844187557583
uc29,5,surveybean,0.13650332387817998
uc29,6,officevisitbean,0.12560099627659177
uc29,7,surveyresultbean,0.12229478623067976
uc29,8,visitremindersdao,0.11750628260547222
uc29,9,visitreminderreturnformloader,0.11688267185571741
uc29,10,viewreportaction,0.11454823626416681
uc2e2,1,editphraction,0.1476087274303058
uc2e2,2,blackboxtestplan,0.12024314369397904
uc2e2,3,labprocedurebean,0.1156064577370401
uc2e2,4,labproceduredao,0.11349320064866113
uc2e2,5,getusernameaction,0.1013774184634945
uc2e2,6,viewreportaction,0.08225531243098497
uc2e2,7,viewpatientofficevisithistoryaction,0.0797211655658804
uc2e2,8,viewprescriptionrecordsaction,0.07692764640977595
uc2e2,9,viewexpiredprescriptionsaction,0.07573169721652213
uc2e2,10,viewpersonnelaction,0.0753007373800189
uc2s1,1,resetpasswordaction,0.18675439185417564
uc2s1,2,patientbean,0.1860259941139385
uc2s1,3,personnelbean,0.18537340792962814
uc2s1,4,editphraction,0.13445124832512587
uc2s1,5,personnelloader,0.11679524540244847
uc2s1,6,editofficevisitaction,0.11019527256303742
uc2s1,7,fakeemaildao,0.10198449342567792
uc2s1,8,viewmyrecordsaction,0.10140265736819289
uc2s1,9,edithealthhistoryaction,0.09993762937606199
uc2s1,10,editpersonnelaction,0.09956956124792021
uc2s2,1,editphraction,0.1408978371279721
uc2s2,2,role,0.09933984474360982
uc2s2,3,referralbean,0.09317937177589229
uc2s2,4,updateloinclistaction,0.08311412819054609
uc2s2,5,resetpasswordaction,0.08152967347459292
uc2s2,6,officevisitdao,0.08048825904815468
uc2s2,7,beanbuilder,0.07991689730758683
uc2s2,8,validationformat,0.0760735076941574
uc2s2,9,labprocuapaction,0.07371355748448766
uc2s2,10,viewprescriptionrecordsaction,0.07317566096537213
uc30e1,1,apptbean,0.1870140613526757
uc30e1,2,referralbean,0.17657039738876365
uc30e1,3,editphraction,0.1331856674854046
uc30e1,4,updateloinclistaction,0.12031158349199614
uc30e1,5,addhcpaction,0.10847760195640788
uc30e1,6,surveysearchvalidator,0.09562839189238136
uc30e1,7,appttypebeanloader,0.09341999356271519
uc30e1,8,officevisitbean,0.09214720034042377
uc30e1,9,visitflag,0.09142862133826918
uc30e1,10,appttypebean,0.08879199454618898
uc30e2,1,apptbean,0.24418957885525755
uc30e2,2,securityqa,0.20807133306092118
uc30e2,3,addhcpaction,0.14164229013245003
uc30e2,4,personnelbean,0.13817224151014565
uc30e2,5,patientbean,0.13115480916440125
uc30e2,6,viewpatientofficevisithistoryaction,0.12808677548585556
uc30e2,7,declarehcpaction,0.12366964037738465
uc30e2,8,viewprescriptionrecordsaction,0.1235984710509725
uc30e2,9,viewexpiredprescriptionsaction,0.12167695780262192
uc30e2,10,editmonitoringlistaction,0.12029739298773347
uc30s1,1,messagebean,0.2370687367851295
uc30s1,2,reportadverseeventaction,0.16447177738127244
uc30s1,3,sendmessageaction,0.1640596365685798
uc30s1,4,email,0.1592032165500519
uc30s1,5,fakeemaildao,0.15614155857332726
uc30s1,6,editpatientaction,0.15096663608464556
uc30s1,7,emailbeanloader,0.144755379384009
uc30s1,8,remotemonitoringdao,0.14279203908858226
uc30s1,9,emergencyreportaction,0.12496517788691965
uc30s1,10,editphraction,0.11938132047949956
uc30s2,1,messagebean,0.20599139139096845
uc30s2,2,sendmessageaction,0.19906645478870708
uc30s2,3,fakeemaildao,0.17477692650988316
uc30s2,4,emailbeanloader,0.16203181610120695
uc30s2,5,reportadverseeventaction,0.15687062437328483
uc30s2,6,email,0.1466801208221831
uc30s2,7,editpatientaction,0.11058724231494205
uc30s2,8,appttypebeanloader,0.10775443006521211
uc30s2,9,generatecalendaraction,0.10533842665490276
uc30s2,10,daofactory,0.10521004078334706
uc30s3,1,messagebean,0.21634815951515488
uc30s3,2,fakeemaildao,0.19594121976087608
uc30s3,3,sendmessageaction,0.19287301385221176
uc30s3,4,email,0.15405485619109816
uc30s3,5,emailbeanloader,0.15315947088644727
uc30s3,6,reportadverseeventaction,0.12915322942514862
uc30s3,7,monitoradverseeventaction,0.12265373140182932
uc30s3,8,editpatientaction,0.1161473116868473
uc30s3,9,generatecalendaraction,0.10946722427789433
uc30s3,10,viewmyreportrequestsaction,0.10838419481867523
uc30s4,1,messagebean,0.21634815951515488
uc30s4,2,fakeemaildao,0.19594121976087608
uc30s4,3,sendmessageaction,0.19287301385221176
uc30s4,4,email,0.15405485619109816
uc30s4,5,emailbeanloader,0.15315947088644727
uc30s4,6,reportadverseeventaction,0.12915322942514862
uc30s4,7,monitoradverseeventaction,0.12265373140182932
uc30s4,8,editpatientaction,0.1161473116868473
uc30s4,9,generatecalendaraction,0.10946722427789433
uc30s4,10,viewmyreportrequestsaction,0.10838419481867523
uc30s5,1,messagebean,0.2196147387548448
uc30s5,2,itrustexception,0.10356673700838945
uc30s5,3,messagedao,0.10265058016691715
uc30s5,4,viewmymessagesaction,0.0963148933992298
uc30s5,5,beanbuilder,0.08866487132243088
uc30s5,6,remotemonitoringdao,0.08657675984077946
uc30s5,7,referralbean,0.085305725656264
uc30s5,8,addofficevisitaction,0.08394053434602529
uc30s5,9,editpatientaction,0.0825335223635936
uc30s5,10,adverseeventdao,0.07774766047440639
uc30s6,1,viewmymessagesaction,0.24680148975515956
uc30s6,2,messagedao,0.2182259324687873
uc30s6,3,labprochcpaction,0.13884241430170594
uc30s6,4,searchusersaction,0.12217137625476268
uc30s6,5,messagebean,0.11870028739284208
uc30s6,6,transactiondao,0.10625952780547258
uc30s6,7,transactiontype,0.10154981252346626
uc30s6,8,visitreminderreturnform,0.0995531451938558
uc30s6,9,visitreminderreturnformloader,0.09032236114947659
uc30s6,10,patientdao,0.090214939081103
uc30s7,1,messagebean,0.15692061635640744
uc30s7,2,personneldao,0.13897016499339543
uc30s7,3,monitoradverseeventaction,0.13683213106344996
uc30s7,4,email,0.12358318416201552
uc30s7,5,dateutil,0.12248347865366237
uc30s7,6,accessdao,0.11887720862144147
uc30s7,7,authdao,0.11585688689914393
uc30s7,8,officevisitdao,0.11341855814713286
uc30s7,9,viewmymessagesaction,0.10693475717346852
uc30s7,10,reportadverseeventaction,0.10638065540687923
uc31s1,1,prescriptionreportbean,0.3415296079344682
uc31s1,2,officevisitdao,0.2368253481094382
uc31s1,3,prescriptionbean,0.20362781577026554
uc31s1,4,monitoradverseeventaction,0.18360959294517892
uc31s1,5,surveyaction,0.1783868302206079
uc31s1,6,prescriptionreportbeanloader,0.17141185629948802
uc31s1,7,blackboxtestplan,0.15088756327530803
uc31s1,8,emergencyreportaction,0.14507140376507013
uc31s1,9,viewexpiredprescriptionsaction,0.14295629595300954
uc31s1,10,stateselect,0.1403093967302039
uc31s2,1,personnelbean,0.2894891313824268
uc31s2,2,patientbean,0.259053424048386
uc31s2,3,visitreminderreturnformloader,0.15873300723180658
uc31s2,4,viewexpiredprescriptionsaction,0.14553487329810288
uc31s2,5,patientdao,0.1446542012863971
uc31s2,6,viewsurveyresultaction,0.14329039748802855
uc31s2,7,emergencyreportaction,0.13662418692949624
uc31s2,8,patientvisitbean,0.13487980959017565
uc31s2,9,surveysearchvalidator,0.10886847366631718
uc31s2,10,searchusersaction,0.10315770020250613
uc32e1,1,addremotemonitoringdataaction,0.31835762308404536
uc32e1,2,addpatientvalidator,0.08330235544468259
uc32e1,3,patientloader,0.07986758284453117
uc32e1,4,apptbean,0.07592463810231198
uc32e1,5,viewreportaction,0.06993201052637338
uc32e1,6,chronicdiseaseriskaction,0.06825260814876008
uc32e1,7,searchusersaction,0.06810350594735481
uc32e1,8,viewpatientofficevisithistoryaction,0.06777752372171186
uc32e1,9,sendmessageaction,0.06760325288565042
uc32e1,10,apptbeanloader,0.06636617395858764
uc32s1,1,chronicdiseaseriskaction,0.2523875106179312
uc32s1,2,visitremindersdao,0.2072855510181435
uc32s1,3,type1diabetesrisks,0.20159043896883322
uc32s1,4,type2diabetesrisks,0.20159043896883322
uc32s1,5,viewprescriptionrenewalneedsaction,0.14846659281057098
uc32s1,6,chronicdiseasemediator,0.13957557548389551
uc32s1,7,editphraction,0.13856583482030724
uc32s1,8,familydao,0.13138740460639792
uc32s1,9,icd9cmlink,0.1291884064090821
uc32s1,10,viewmyrecordsaction,0.11850635706068723
uc32s2,1,mydiagnosisaction,0.17751684601282988
uc32s2,2,referralmanagementaction,0.17717891057954024
uc32s2,3,visitreminderreturnformloader,0.17693380451971596
uc32s2,4,viewprescriptionrenewalneedsaction,0.163759288814991
uc32s2,5,chronicdiseaseriskaction,0.1595481096787176
uc32s2,6,patientvisitbean,0.15132107936486294
uc32s2,7,emergencyreportaction,0.15019534833497297
uc32s2,8,messagedao,0.14647950230068296
uc32s2,9,personnelbean,0.13308885375717042
uc32s2,10,sendmessageaction,0.12301138798964757
uc33e1,1,sendmessageaction,0.21161923999329973
uc33e1,2,securityqa,0.16157170782847666
uc33e1,3,emailutil,0.15135084564221704
uc33e1,4,apptbean,0.12770848885777988
uc33e1,5,personnelbean,0.1072936127570563
uc33e1,6,declarehcpaction,0.09603204203270609
uc33e1,7,dbutil,0.09320271658458164
uc33e1,8,patientbean,0.08578372629617859
uc33e1,9,addhcpaction,0.07407737429242449
uc33e1,10,viewpatientofficevisithistoryaction,0.06698798784390526
uc33e2,1,officevisitbean,0.16644220209149685
uc33e2,2,referralmanagementaction,0.16157527527347695
uc33e2,3,apptbean,0.15859666394880054
uc33e2,4,editphraction,0.1499828963501356
uc33e2,5,referralbean,0.12207236028225808
uc33e2,6,editofficevisitform,0.12024817003719124
uc33e2,7,referralbeanloader,0.11351759381429628
uc33e2,8,daofactory,0.10245770480048101
uc33e2,9,labproceduredao,0.09319923165414384
uc33e2,10,addhcpaction,0.09199407605510525
uc33s1,1,sendmessageaction,0.16637678813733972
uc33s1,2,stateselect,0.13431455147985114
uc33s1,3,generatecalendaraction,0.12720423065027625
uc33s1,4,officevisitbean,0.12613707485585587
uc33s1,5,reportadverseeventaction,0.1220169016608348
uc33s1,6,referralmanagementaction,0.11067707344319887
uc33s1,7,prescriptionreportbean,0.11064755106895904
uc33s1,8,surveyresultbean,0.11055998902475064
uc33s1,9,addphaaction,0.10613959381960414
uc33s1,10,druginteractionbean,0.10205867574043981
uc33s2,1,viewpatientofficevisithistoryaction,0.18263128746693416
uc33s2,2,personnelloader,0.17450467064285016
uc33s2,3,officevisitbean,0.16412240256537478
uc33s2,4,prescriptionreportbean,0.1444725597861219
uc33s2,5,apptbean,0.1444176341762336
uc33s2,6,officevisitloader,0.1405853857698905
uc33s2,7,prescriptionreportbeanloader,0.13327592969604396
uc33s2,8,messagedao,0.12947835541933317
uc33s2,9,editofficevisitvalidator,0.126503601204143
uc33s2,10,sendmessageaction,0.12033085855259264
uc33s3,1,viewmymessagesaction,0.26538365345465975
uc33s3,2,viewpatientofficevisithistoryaction,0.17517293565703126
uc33s3,3,sendmessageaction,0.17312954526350946
uc33s3,4,officevisitbean,0.1574199222007182
uc33s3,5,personnelloader,0.14891423645846077
uc33s3,6,prescriptionreportbean,0.13857254564995033
uc33s3,7,apptbean,0.1385198631087476
uc33s3,8,viewmyapptsaction,0.13218793662235992
uc33s3,9,referralmanagementaction,0.12657100929161116
uc33s3,10,referraldao,0.12327020017976324
uc34e1,1,apptbean,0.24418957885525755
uc34e1,2,securityqa,0.20807133306092118
uc34e1,3,addhcpaction,0.14164229013245003
uc34e1,4,personnelbean,0.13817224151014565
uc34e1,5,patientbean,0.13115480916440125
uc34e1,6,viewpatientofficevisithistoryaction,0.12808677548585556
uc34e1,7,declarehcpaction,0.12366964037738465
uc34e1,8,viewprescriptionrecordsaction,0.1235984710509725
uc34e1,9,viewexpiredprescriptionsaction,0.12167695780262192
uc34e1,10,editmonitoringlistaction,0.12029739298773347
uc34e2,1,remotemonitoringdatabean,0.2901921764824115
uc34e2,2,healthrecord,0.2130717486004888
uc34e2,3,emergencyreportaction,0.17640363199455308
uc34e2,4,bloodtype,0.14860511348844269
uc34e2,5,editpatientaction,0.14473728538843983
uc34e2,6,dateutil,0.12806205343764726
uc34e2,7,editphraction,0.11445527767209435
uc34e2,8,healthrecordform,0.10760200420808012
uc34e2,9,healthrecordsdao,0.0927595140786865
uc34e2,10,resetpasswordaction,0.08891950825775535
uc34e3,1,remotemonitoringdatabean,0.20692429066233672
uc34e3,2,editpatientaction,0.15698712443522464
uc34e3,3,dateutil,0.1389005843552461
uc34e3,4,emergencyreportaction,0.13459349228079737
uc34e3,5,editphraction,0.12414219922638103
uc34e3,6,healthrecordsdao,0.10061021484644206
uc34e3,7,resetpasswordaction,0.09644521016209516
uc34e3,8,blackboxtestplan,0.09020166078630662
uc34e3,9,role,0.08819277329964366
uc34e3,10,messagevalidator,0.08497600644109707
uc34e4,1,editpatientaction,0.19400229316332976
uc34e4,2,emergencyreportaction,0.16632858421525903
uc34e4,3,blackboxtestplan,0.15846174533819962
uc34e4,4,editphraction,0.15341303571806136
uc34e4,5,surveysearchvalidator,0.1382462774813093
uc34e4,6,healthrecordsdao,0.1243325684579867
uc34e4,7,nohealthrecordsexception,0.12201080589816712
uc34e4,8,remotemonitoringdao,0.1217694094005067
uc34e4,9,role,0.10898728365219686
uc34e4,10,labprocuapaction,0.10069532887963374
uc34s1,1,remotemonitoringdatabean,0.36731627402292544
uc34s1,2,editmonitoringlistaction,0.19846218886751388
uc34s1,3,healthrecord,0.18752492761090372
uc34s1,4,healthrecordform,0.18307777253731855
uc34s1,5,remotemonitoringdatabeanvalidator,0.1789306699782181
uc34s1,6,weightfactor,0.15659230656346187
uc34s1,7,bloodtype,0.15418002709243508
uc34s1,8,druginteractionaction,0.14699292097013938
uc34s1,9,addremotemonitoringdataaction,0.13878453551449108
uc34s1,10,remotemonitoringdatabeanloader,0.1301728129040426
uc34s2,1,remotemonitoringdatabean,0.4205245942567095
uc34s2,2,healthrecord,0.20561933532621576
uc34s2,3,familydao,0.18109854423296168
uc34s2,4,bloodtype,0.1606133298425596
uc34s2,5,emergencyreportaction,0.14049430373763502
uc34s2,6,monitoradverseeventaction,0.10684135002966996
uc34s2,7,remotemonitoringdao,0.10623668343023857
uc34s2,8,prescriptionreportbean,0.08981872187538466
uc34s2,9,healthrecordform,0.08737961902935407
uc34s2,10,reportrequestbean,0.08388867779554443
uc34s3,1,remotemonitoringdatabean,0.3200430965697309
uc34s3,2,emergencyreportaction,0.18941734301742158
uc34s3,3,healthrecord,0.15648799069345276
uc34s3,4,familydao,0.13782627620872542
uc34s3,5,bloodtype,0.12223586476326098
uc34s3,6,addremotemonitoringdataaction,0.11847005894099936
uc34s3,7,remotemonitoringdao,0.10857968155217218
uc34s3,8,viewprescriptionrenewalneedsaction,0.09885699602827508
uc34s3,9,blackboxtestplan,0.09224725612228159
uc34s3,10,editmonitoringlistaction,0.09154781323538333
uc34s4,1,remotemonitoringdatabean,0.2696340309395707
uc34s4,2,healthrecord,0.19384522641987828
uc34s4,3,healthrecordform,0.17424946459705434
uc34s4,4,weightfactor,0.14904117086709162
uc34s4,5,emergencyreportaction,0.13088192472783292
uc34s4,6,monitoradverseeventaction,0.11375978563194356
uc34s4,7,bloodtype,0.1102569321155813
uc34s4,8,editpatientaction,0.10738721350196224
uc34s4,9,viewpatientofficevisithistoryaction,0.09141057287515497
uc34s4,10,editphraction,0.08491960662944183
uc34s5,1,remotemonitoringdatabean,0.36110260931916516
uc34s5,2,healthrecord,0.17203293070230757
uc34s5,3,familydao,0.1575450667755167
uc34s5,4,remotemonitoringdao,0.1434092650333482
uc34s5,5,bloodtype,0.13437832487317203
uc34s5,6,emergencyreportaction,0.1264150686427443
uc34s5,7,monitoradverseeventaction,0.10399104263406107
uc34s5,8,reportrequestdao,0.09134309251704256
uc34s5,9,blackboxtestplan,0.08911808616239214
uc34s5,10,labprocuapaction,0.08796000814999633
uc34s6,1,remotemonitoringdatabean,0.362177631996267
uc34s6,2,healthrecord,0.17254508236485566
uc34s6,3,emergencyreportaction,0.16243936656716093
uc34s6,4,familydao,0.15801408725633936
uc34s6,5,remotemonitoringdao,0.1438362024412723
uc34s6,6,bloodtype,0.13477837666682144
uc34s6,7,editrepresentativesaction,0.1061401062956363
uc34s6,8,monitoradverseeventaction,0.1043006297878561
uc34s6,9,reportrequestdao,0.0916150260154949
uc34s6,10,blackboxtestplan,0.08566297972646177
uc35s1,1,patientriskfactor,0.24249990551244793
uc35s1,2,reportadverseeventaction,0.19289643468812656
uc35s1,3,prescriptionreportbean,0.16732152116190632
uc35s1,4,daofactory,0.15629933788322514
uc35s1,5,hcplinkbean,0.14626227728209645
uc35s1,6,officevisitdao,0.13480560592033122
uc35s1,7,adverseeventbean,0.12970238488032387
uc35s1,8,monitoradverseeventaction,0.1259448593645107
uc35s1,9,fakeemaildao,0.12525020195541262
uc35s1,10,emailbeanloader,0.12354189547683989
uc35s2,1,patientriskfactor,0.27844044300820436
uc35s2,2,reportadverseeventaction,0.22148531817266245
uc35s2,3,daofactory,0.17946422201744017
uc35s2,4,monitoradverseeventaction,0.15781321782380217
uc35s2,5,adverseeventbean,0.14892537557481314
uc35s2,6,fakeemaildao,0.14381334147588762
uc35s2,7,emailbeanloader,0.14185184952527255
uc35s2,8,hcplinkbean,0.13984961442890173
uc35s2,9,druginteractionaction,0.1364954413643606
uc35s2,10,officevisitdao,0.13388437439577525
uc36s1,1,updatehospitallistaction,0.19717564939920842
uc36s1,2,reportadverseeventaction,0.1923765128105184
uc36s1,3,monitoradverseeventaction,0.17991392879058724
uc36s1,4,adverseeventbean,0.17890199724952333
uc36s1,5,daofactory,0.17517925365200676
uc36s1,6,emailbeanloader,0.17283802239155233
uc36s1,7,prescriptionreportbean,0.15332934882651528
uc36s1,8,hcplinkbean,0.13449937842162576
uc36s1,9,prescriptionreportbeanloader,0.1269749440464286
uc36s1,10,email,0.11832200182457966
uc36s2,1,reportadverseeventaction,0.22116600966680017
uc36s2,2,updatehospitallistaction,0.19193844722676484
uc36s2,3,monitoradverseeventaction,0.1853919695580666
uc36s2,4,emailbeanloader,0.16824725436767113
uc36s2,5,adverseeventbean,0.16155161285740088
uc36s2,6,adverseeventdao,0.16087343983316443
uc36s2,7,daofactory,0.14315956475133568
uc36s2,8,viewadverseeventaction,0.12266235348936974
uc36s2,9,adverseeventsdata,0.11842047169358938
uc36s2,10,updateicdcodelistaction,0.11523114346640302
uc36s3,1,reportadverseeventaction,0.1925644557038698
uc36s3,2,adverseeventdao,0.1596233112486721
uc36s3,3,adverseeventbean,0.15523295634075118
uc36s3,4,monitoradverseeventaction,0.15021541768566507
uc36s3,5,viewmyreportrequestsaction,0.13409096408947715
uc36s3,6,daofactory,0.1332449601012934
uc36s3,7,hcplinkbean,0.1325353733307595
uc36s3,8,changesessiontimeoutaction,0.1301200484292126
uc36s3,9,updatendcodelistaction,0.1263446589877236
uc36s3,10,reportrequestbean,0.12463591572761197
uc37s1,1,hcplinkbean,0.18461003296778933
uc37s1,2,apptbean,0.14689108113144508
uc37s1,3,daofactory,0.13811252104447572
uc37s1,4,parameterutil,0.1296815526176251
uc37s1,5,blackboxtestplan,0.1252432933899524
uc37s1,6,allergybeanvalidator,0.11906203836469913
uc37s1,7,allergybeanloader,0.1187713788364017
uc37s1,8,allergydao,0.11183045047538501
uc37s1,9,allergybean,0.10602266017755203
uc37s1,10,druginteractionvalidator,0.10259642922873875
uc37s2,1,ethnicity,0.17823010080351864
uc37s2,2,druginteractionvalidator,0.16375020935708143
uc37s2,3,druginteractionbeanloader,0.16089067930119744
uc37s2,4,druginteractionaction,0.15490507431971146
uc37s2,5,hcplinkbean,0.13614528682617383
uc37s2,6,resetpasswordaction,0.128132346417289
uc37s2,7,druginteractionbean,0.12693365740481755
uc37s2,8,transactiontype,0.12255816817787772
uc37s2,9,apptbean,0.10832850225608645
uc37s2,10,daofactory,0.10697406052945663
uc37s3,1,druginteractionbeanloader,0.21025803507077612
uc37s3,2,daofactory,0.17981945869475502
uc37s3,3,druginteractionbean,0.16815086840310162
uc37s3,4,fakeemaildao,0.16271893707110677
uc37s3,5,emailbeanloader,0.16049958883816742
uc37s3,6,reportadverseeventaction,0.1491018359329882
uc37s3,7,druginteractionvalidator,0.14836764529743585
uc37s3,8,druginteractionaction,0.14035341519058633
uc37s3,9,editofficevisitaction,0.13796730615451713
uc37s3,10,editpatientaction,0.13654809641872032
uc38s1,1,druginteractionaction,0.23622541202998038
uc38s1,2,patientriskfactor,0.2015242338792798
uc38s1,3,ethnicity,0.19899869748403676
uc38s1,4,transactiontype,0.19294357660036382
uc38s1,5,druginteractionvalidator,0.16150604583014194
uc38s1,6,druginteractionbeanloader,0.15868570505579105
uc38s1,7,druginteractiondao,0.1515746627452293
uc38s1,8,druginteractionbean,0.14895219060285156
uc38s1,9,adverseeventbean,0.12010370936764812
uc38s1,10,ndcodesdao,0.11692768304606603
uc38s2,1,druginteractionaction,0.2625840297329759
uc38s2,2,druginteractiondao,0.1799441609527737
uc38s2,3,druginteractionbean,0.1740098732847284
uc38s2,4,druginteractionvalidator,0.15353732872713566
uc38s2,5,druginteractionbeanloader,0.15085614372029402
uc38s2,6,stateselect,0.1324777924948948
uc38s2,7,updatehospitallistaction,0.1215365856953432
uc38s2,8,ndcodesdao,0.09772244475269516
uc38s2,9,daofactory,0.08926424837343958
uc38s2,10,viewmyaccesslogaction,0.08750029872133906
uc3e1,1,apptbean,0.20436304836008848
uc3e1,2,changesessiontimeoutaction,0.16847191343053472
uc3e1,3,resetpasswordaction,0.1674083543222866
uc3e1,4,loginfailureaction,0.16083169649496484
uc3e1,5,accessdao,0.15783138652486697
uc3e1,6,addremotemonitoringdataaction,0.1158457065106668
uc3e1,7,viewmyapptsaction,0.10732636647444238
uc3e1,8,patientvisitbean,0.0987921944878725
uc3e1,9,loincbean,0.09739457341494674
uc3e1,10,surveybean,0.09588831884222615
uc3e2,1,randompassword,0.3390235127791663
uc3e2,2,patientloader,0.22744248115399554
uc3e2,3,addpatientaction,0.22288038044354938
uc3e2,4,patientbean,0.19649787088320814
uc3e2,5,resetpasswordaction,0.1739018564569694
uc3e2,6,securityqa,0.1638226217441915
uc3e2,7,personnelbean,0.15492798322604243
uc3e2,8,addphaaction,0.15155139418527092
uc3e2,9,authdao,0.14458803064744288
uc3e2,10,securityqavalidator,0.11112906406959555
uc3s1,1,patientloader,0.3634199237783262
uc3s1,2,securityqa,0.28728464958586825
uc3s1,3,resetpasswordaction,0.20041859541783272
uc3s1,4,personnelbean,0.19077478574674162
uc3s1,5,securityqavalidator,0.18264301062663985
uc3s1,6,authdao,0.17804240392172463
uc3s1,7,patientbean,0.15252885595125332
uc3s1,8,setsecurityquestionaction,0.1482172485000435
uc3s1,9,dbutil,0.11454948205989933
uc3s1,10,editpatientaction,0.08584643737866714
uc3s2,1,patientloader,0.2669681832691889
uc3s2,2,resetpasswordaction,0.24455450427945088
uc3s2,3,personnelbean,0.2327869480376651
uc3s2,4,securityqa,0.21103923027579155
uc3s2,5,randompassword,0.18631396227298735
uc3s2,6,authdao,0.1862608861343705
uc3s2,7,patientbean,0.1861185519123318
uc3s2,8,changesessiontimeoutaction,0.16873353739856367
uc3s2,9,sendmessageaction,0.14426316266690117
uc3s2,10,securityqavalidator,0.14315844718403858
uc3s3,1,sessiontimeoutlistener,0.24519122860422612
uc3s3,2,changesessiontimeoutaction,0.24250348714519357
uc3s3,3,transactionbean,0.1558460034826768
uc3s3,4,accessdao,0.1530550219556035
uc3s3,5,loincbean,0.1467021183510637
uc3s3,6,email,0.1466799414726651
uc3s3,7,remotemonitoringdatabean,0.14010945257298119
uc3s3,8,viewmyreportrequestsaction,0.11745845601642578
uc3s3,9,nohealthrecordsexception,0.11513256638366087
uc3s3,10,visitflag,0.11248605342024144
uc3s4,1,prescriptionreportbean,0.237759049268902
uc3s4,2,prescriptionreportbeanloader,0.15940607006046503
uc3s4,3,visitreminderreturnform,0.14617307684871889
uc3s4,4,officevisitdao,0.1432989109749587
uc3s4,5,addapptaction,0.1294686769253197
uc3s4,6,loincdao,0.12425187979072624
uc3s4,7,visitreminderreturnformloader,0.12128183793869236
uc3s4,8,officevisitloader,0.1202511649923818
uc3s4,9,generatecalendaraction,0.11502365352824685
uc3s4,10,apptdao,0.11296898187687274
uc3s5,1,addapptaction,0.2008022050911605
uc3s5,2,apptdao,0.17521165123873364
uc3s5,3,viewmyapptsaction,0.13200353141032578
uc3s5,4,visitreminderreturnform,0.12517780105982879
uc3s5,5,itrustexception,0.11827657819679427
uc3s5,6,dbutil,0.08980369117832902
uc3s5,7,generatecalendaraction,0.08114555202839321
uc3s5,8,addpatientvalidator,0.05645758362873138
uc3s5,9,patientloader,0.05412969073442424
uc3s5,10,visitreminderreturnformloader,0.044853501173895305
uc40s1,1,addapptaction,0.14347941724518576
uc40s1,2,apptdao,0.12519417106444358
uc40s1,3,generatecalendaraction,0.12145491665442931
uc40s1,4,stateselect,0.12021655367479106
uc40s1,5,patientnavigation,0.10935562000854031
uc40s1,6,itrustexception,0.10859448511615191
uc40s1,7,dateutil,0.09555426402344022
uc40s1,8,viewmyapptsaction,0.0943206263719156
uc40s1,9,reportrequestdao,0.08952631607522793
uc40s1,10,editmonitoringlistaction,0.08334084676724846
uc40s2,1,officevisitbean,0.18633009655644053
uc40s2,2,prescriptionreportbean,0.1808829110934251
uc40s2,3,loincdao,0.17695705273105422
uc40s2,4,labproceduredao,0.16980211678469118
uc40s2,5,labprocedurebean,0.16192138473769402
uc40s2,6,mydiagnosisaction,0.1619060659134791
uc40s2,7,updateloinclistaction,0.16113192288870234
uc40s2,8,generatecalendaraction,0.16101903234904513
uc40s2,9,visitreminderreturnformloader,0.15277406622290196
uc40s2,10,editofficevisitaction,0.1508419243493609
uc40s3,1,appttypebean,0.25957231471298986
uc40s3,2,editappttypeaction,0.2285499671955583
uc40s3,3,generatecalendaraction,0.21122179250883766
uc40s3,4,messagebean,0.1672769413870718
uc40s3,5,druginteractionbean,0.15983078178058563
uc40s3,6,addapptaction,0.13764242835592555
uc40s3,7,familydao,0.13358540143029987
uc40s3,8,dateutil,0.13183058536612013
uc40s3,9,apptdao,0.12010105736539264
uc40s3,10,apptbean,0.10501723938552783
uc40s4,1,apptbean,0.3033814392620992
uc40s4,2,addapptaction,0.12948227175718305
uc40s4,3,stateselect,0.12706624450965867
uc40s4,4,officevisitdao,0.1258800571068436
uc40s4,5,generatecalendaraction,0.12458936271609757
uc40s4,6,dateutil,0.12401498494449972
uc40s4,7,messagedao,0.12348880934105967
uc40s4,8,viewmymessagesaction,0.12232929470405023
uc40s4,9,reportrequestbean,0.12125681783992903
uc40s4,10,apptdao,0.11298084416164202
uc40s5,1,officevisitbean,0.18157227592352182
uc40s5,2,editofficevisitaction,0.15738309860399133
uc40s5,3,labproceduredao,0.15464523362014282
uc40s5,4,dateutil,0.153133523527055
uc40s5,5,labprocedurebeanloader,0.14921916872409466
uc40s5,6,blackboxtestplan,0.1455164800915698
uc40s5,7,mydiagnosisaction,0.1405709659430734
uc40s5,8,officevisitloader,0.1313008071877473
uc40s5,9,prescriptionbeanloader,0.12980337708963302
uc40s5,10,editofficevisitvalidator,0.1282267121013264
uc40s6,1,prescriptionbean,0.21088975340660893
uc40s6,2,prescriptionbeanloader,0.20831883674860407
uc40s6,3,stateselect,0.2029560128361393
uc40s6,4,dateutil,0.1673480270267348
uc40s6,5,medicationbeanloader,0.149382697584172
uc40s6,6,viewmyaccesslogaction,0.14637521677469534
uc40s6,7,icd9cmlink,0.14559432386202542
uc40s6,8,patientnavigation,0.14082707766517247
uc40s6,9,druginteractionbeanloader,0.13879830888710284
uc40s6,10,editofficevisitaction,0.13640817419474374
uc40s7,1,labprocedurebean,0.2536219677933854
uc40s7,2,loincdao,0.21613248959480616
uc40s7,3,updateloinclistaction,0.16733367802222912
uc40s7,4,procedurebeanloader,0.14639933552804554
uc40s7,5,labprocedurebeanloader,0.13265099357701757
uc40s7,6,dateutil,0.12969780453418836
uc40s7,7,officevisitloader,0.12488314378144987
uc40s7,8,labproceduredao,0.12356435917693218
uc40s7,9,prescriptionreportbeanloader,0.11839009438776335
uc40s7,10,generatecalendaraction,0.10289640302335061
uc4e1,1,getusernameaction,0.3421820864356419
uc4e1,2,apptbean,0.12892951057513255
uc4e1,3,editphraction,0.12192703767909276
uc4e1,4,viewpersonnelaction,0.1172432539056789
uc4e1,5,viewmyremotemonitoringlistaction,0.11575108196376474
uc4e1,6,officevisitbean,0.10537852578733191
uc4e1,7,editrepresentativesaction,0.09868199913940155
uc4e1,8,validationformat,0.08904107436075352
uc4e1,9,referralbeanloader,0.08625004480330943
uc4e1,10,htmlencoder,0.08620935743593576
uc4e2,1,patientnavigation,0.2001383475430953
uc4e2,2,localization,0.14312371787959968
uc4e2,3,addpatientvalidator,0.08807193901854667
uc4e2,4,viewreportaction,0.07393605779386479
uc4e2,5,searchusersaction,0.07200285983182882
uc4e2,6,viewpatientofficevisithistoryaction,0.0716582130743068
uc4e2,7,sendmessageaction,0.07147396413723435
uc4e2,8,viewprescriptionrecordsaction,0.06914722882696957
uc4e2,9,viewexpiredprescriptionsaction,0.06807223724213872
uc4e2,10,surveyaction,0.06772624730577805
uc4s1,1,editpatientaction,0.19355605370984172
uc4s1,2,patientloader,0.1824464328458227
uc4s1,3,editphraction,0.14815810950427064
uc4s1,4,patientbean,0.14626006989093357
uc4s1,5,addphaaction,0.14021918849416415
uc4s1,6,resetpasswordaction,0.13949800940818216
uc4s1,7,securityqa,0.13141279854593768
uc4s1,8,personnelbean,0.12427782947219373
uc4s1,9,healthrecordsdao,0.1183360636431225
uc4s1,10,randompassword,0.1160165300000343
uc4s2,1,resetpasswordaction,0.21276106949294832
uc4s2,2,patientbean,0.19275890136981005
uc4s2,3,personnelbean,0.19004361992872595
uc4s2,4,randompassword,0.1876051596430727
uc4s2,5,editofficevisitvalidator,0.18646670506403942
uc4s2,6,addpatientaction,0.18130970837853816
uc4s2,7,patientloader,0.1739067934818803
uc4s2,8,securityqa,0.17216372976581262
uc4s2,9,securityqavalidator,0.15741909068993035
uc4s2,10,officevisitbean,0.15531045847812697
uc4s3,1,viewmyapptsaction,0.17410210922632038
uc4s3,2,editofficevisitvalidator,0.15299592815001006
uc4s3,3,adverseeventsdata,0.12794505959615698
uc4s3,4,editappttypeaction,0.1276541356365327
uc4s3,5,appttypedao,0.11741106217156454
uc4s3,6,editmonitoringlistaction,0.1156128963958198
uc4s3,7,viewmyremotemonitoringlistaction,0.11535947181559543
uc4s3,8,beanbuilder,0.11275279401264145
uc4s3,9,validationformat,0.10733024969481798
uc4s3,10,officevisitbean,0.10502200816868573
uc4s4,1,viewmyapptsaction,0.23263548201355758
uc4s4,2,apptbean,0.20766150852727452
uc4s4,3,viewprescriptionrecordsaction,0.19813172930493184
uc4s4,4,localization,0.1361823412959111
uc4s4,5,chronicdiseasemediator,0.12507125295963784
uc4s4,6,healthrecordsbeanloader,0.12098232628615396
uc4s4,7,addhcpaction,0.1204541642524282
uc4s4,8,healthrecordsdao,0.11920310120542446
uc4s4,9,adverseeventsdata,0.11681045777792168
uc4s4,10,healthrecordformvalidator,0.11590588700196519
uc5s1,1,loginfailureaction,0.2811057632938844
uc5s1,2,authdao,0.15924379611309433
uc5s1,3,transactiondao,0.13855049716484588
uc5s1,4,healthrecord,0.12628096394769503
uc5s1,5,edithealthhistoryaction,0.11426069232638224
uc5s1,6,addhcpaction,0.10292462023921954
uc5s1,7,transactiontype,0.09411028436883954
uc5s1,8,generatecalendaraction,0.0892960301089135
uc5s1,9,patientvisitbean,0.08368361972629117
uc5s1,10,transactionbean,0.07561281876461119
uc5s2,1,emergencyreportaction,0.2770857864809204
uc5s2,2,patientdao,0.19706801497785112
uc5s2,3,transactionbean,0.18181701567368397
uc5s2,4,viewreportaction,0.17436909487588334
uc5s2,5,viewpatientofficevisithistoryaction,0.16899707838124553
uc5s2,6,viewprescriptionrecordsaction,0.16307523099689486
uc5s2,7,viewexpiredprescriptionsaction,0.16053999561595605
uc5s2,8,getusernameaction,0.1578670326156443
uc5s2,9,generatecalendaraction,0.15288336247538448
uc5s2,10,viewprescriptionrenewalneedsaction,0.15272147391587532
uc6s1,1,personnelbean,0.1972851403654485
uc6s1,2,visitreminderreturnformloader,0.18986036813277843
uc6s1,3,patientvisitbean,0.18866256853947028
uc6s1,4,prescriptionreportbean,0.1840840065014275
uc6s1,5,searchusersaction,0.16112261744833922
uc6s1,6,surveyresultbean,0.1589083171221852
uc6s1,7,officevisitdao,0.15480461557622469
uc6s1,8,personnelloader,0.1488325714590425
uc6s1,9,visitreminderreturnform,0.1472002159299177
uc6s1,10,viewpatientofficevisithistoryaction,0.14637462664956938
uc6s2,1,officevisitdao,0.200106713375778
uc6s2,2,apptbean,0.07897423955770656
uc6s2,3,chronicdiseaseriskaction,0.07099405359186449
uc6s2,4,addpatientvalidator,0.050913646578010764
uc6s2,5,patientriskfactor,0.04990813458963284
uc6s2,6,patientloader,0.048814344615822285
uc6s2,7,addpatientaction,0.04809020128732726
uc6s2,8,addhcpaction,0.04580904805545694
uc6s2,9,viewreportaction,0.0427418126345043
uc6s2,10,gender,0.04209976310706697
uc6s3,1,personnelbean,0.2132719828612892
uc6s3,2,patientvisitbean,0.1494236226399459
uc6s3,3,patientbean,0.146672490986054
uc6s3,4,getusernameaction,0.13978826889391643
uc6s3,5,surveyresultbean,0.13861672918362913
uc6s3,6,surveysearchvalidator,0.12155771649039077
uc6s3,7,addremotemonitoringdataaction,0.11615750990438985
uc6s3,8,searchusersaction,0.11518131974046952
uc6s3,9,visitreminderreturnformloader,0.11192933524857201
uc6s3,10,familymemberbean,0.11035519994452235
uc8s1,1,labprochcpaction,0.28124377544766516
uc8s1,2,viewmyaccesslogaction,0.2441157610364208
uc8s1,3,searchusersaction,0.18090050697812568
uc8s1,4,apptbean,0.17331030917779808
uc8s1,5,druginteractionaction,0.15568364872601634
uc8s1,6,viewpatientofficevisithistoryaction,0.15473425341642894
uc8s1,7,messagedao,0.15320163832531433
uc8s1,8,allergybean,0.1525047109736498
uc8s1,9,editofficevisitvalidator,0.1368028840650724
uc8s1,10,visitreminderreturnformloader,0.13351465797428963
uc8s2,1,emergencyreportaction,0.1878992584695323
uc8s2,2,resetpasswordaction,0.136572347275765
uc8s2,3,editphraction,0.13525845285264324
uc8s2,4,viewmyapptsaction,0.13292359408285478
uc8s2,5,healthrecordsdao,0.13052613918904377
uc8s2,6,patientdao,0.12993009303282207
uc8s2,7,transactiontype,0.1299288840088622
uc8s2,8,viewmyaccesslogaction,0.12969919420488923
uc8s2,9,editpatientaction,0.12628362998130432
uc8s2,10,blackboxtestplan,0.1253604786080156
uc9s1,1,officevisitbean,0.16799088512965565
uc9s1,2,editphraction,0.16258631813408506
uc9s1,3,viewmyrecordsaction,0.15851151013280218
uc9s1,4,editpatientaction,0.15339083742216383
uc9s1,5,emergencyreportaction,0.14913372055844118
uc9s1,6,surveybean,0.1431827313730956
uc9s1,7,blackboxtestplan,0.14185346490398357
uc9s1,8,viewpatientofficevisithistoryaction,0.14052321513281754
uc9s1,9,officevisitdao,0.13381532790720724
uc9s1,10,healthrecordsdao,0.13343355565314924
uc9s2,1,editphraction,0.33599811940408036
uc9s2,2,viewmyrecordsaction,0.2901400609884012
uc9s2,3,remotemonitoringdatabean,0.21928144088474155
uc9s2,4,healthrecord,0.19585594678194918
uc9s2,5,familydao,0.15902650046024575
uc9s2,6,familyhistoryfactor,0.15186568331475617
uc9s2,7,heartdiseaserisks,0.15057886491790387
uc9s2,8,healthrecordform,0.15005368257773108
uc9s2,9,smokingfactor,0.13925947312352682
uc9s2,10,type1diabetesrisks,0.13490737095974256
